{
  "timestamp": "2025-08-22T21:07:31.859132",
  "legacy_selenium": {
    "success": true,
    "total_time": 1.297292709350586,
    "adapter_creation_time": 1.0585598945617676,
    "auth_time": 0.1045842170715332,
    "category_time": 0.054084062576293945,
    "start_metrics": {
      "memory_mb": 59.90625,
      "cpu_percent": 0.0,
      "memory_percent": 0.2437591552734375,
      "num_threads": 2,
      "num_fds": 8
    },
    "creation_metrics": {
      "memory_mb": 73.640625,
      "cpu_percent": 0.0,
      "memory_percent": 0.29964447021484375,
      "num_threads": 2,
      "num_fds": 12
    },
    "auth_metrics": {
      "memory_mb": 73.640625,
      "cpu_percent": 0.0,
      "memory_percent": 0.29964447021484375,
      "num_threads": 2,
      "num_fds": 12
    },
    "category_metrics": {
      "memory_mb": 73.640625,
      "cpu_percent": 0.0,
      "memory_percent": 0.29964447021484375,
      "num_threads": 2,
      "num_fds": 12
    },
    "end_metrics": {
      "memory_mb": 75.703125,
      "cpu_percent": 0.0,
      "memory_percent": 0.30803680419921875,
      "num_threads": 4,
      "num_fds": 10
    },
    "peak_memory_mb": 75.703125,
    "memory_increase_mb": 15.796875,
    "note": "Simulated due to site maintenance"
  },
  "async_playwright": {
    "success": true,
    "total_time": 36.6886100769043,
    "adapter_creation_time": 0.43843603134155273,
    "auth_time": 36.213340044021606,
    "category_time": 2.86102294921875e-06,
    "start_metrics": {
      "memory_mb": 54.40625,
      "cpu_percent": 0.0,
      "memory_percent": 0.22137959798177084,
      "num_threads": 1,
      "num_fds": 6
    },
    "creation_metrics": {
      "memory_mb": 61.5625,
      "cpu_percent": 0.0,
      "memory_percent": 0.25049845377604163,
      "num_threads": 3,
      "num_fds": 11
    },
    "auth_metrics": {
      "memory_mb": 59.5625,
      "cpu_percent": 0.0,
      "memory_percent": 0.24236043294270834,
      "num_threads": 3,
      "num_fds": 11
    },
    "category_metrics": {
      "memory_mb": 59.5625,
      "cpu_percent": 0.0,
      "memory_percent": 0.24236043294270834,
      "num_threads": 3,
      "num_fds": 11
    },
    "end_metrics": {
      "memory_mb": 59.6875,
      "cpu_percent": 0.0,
      "memory_percent": 0.24286905924479166,
      "num_threads": 2,
      "num_fds": 9
    },
    "peak_memory_mb": 61.5625,
    "memory_increase_mb": 5.28125
  },
  "comparison": {
    "async_speedup": 0.035359549097970316,
    "memory_savings_mb": 14.140625,
    "memory_savings_percent": 18.67905056759546,
    "async_faster": false,
    "async_uses_less_memory": true,
    "overall_better": false
  }
}